Job Title,Company,Location,Tags,Link
,"Salesforce Lead
									
								




											Bounteous										
ðŸ‡®ðŸ‡³ IndiaðŸ’° $60k - $130k*",,"Salesforce											
Â 									



												Design											
Â 									



												Security											
 



												Consultancy											
 



												Technical											
 



												Software											
 



												Management											
 



												Lead											
 



												Analytics											
 



												Legal",https://remoteok.com/remote-jobs/remote-salesforce-lead-bounteous-1093155
